Asset,Annual Return,Annual Volatility,Sharpe Ratio,Maximum Drawdown,CAGR
Gold,0.1244002953760957,0.14747187245715007,0.7079336122651498,-0.22002168134715536,0.12014077355281438
Silver,0.16943615417537397,0.27268678948566993,0.5480139117015314,-0.42806123367501797,0.14123414317447702
S&P500,0.1421863608803662,0.17792491194896648,0.6867299218639628,-0.33717272637674894,0.13455621495412173
Bitcoin,0.5108897626332052,0.5590719150679533,0.8780440394211882,-0.8339900882218974,0.42341331075679633
