Asset,Weight
Gold,51.25129495284379
Silver,0.0
S&P500,33.61949489879886
Bitcoin,15.129210148357355
